{
  "train_loss": [
    2.3031208515167236,
    2.2333531379699707,
    2.157289505004883,
    2.0641770362854004,
    1.9513392448425293
  ],
  "train_acc": [
    12.5,
    62.5,
    100.0,
    100.0,
    100.0
  ],
  "val_loss": [
    2.35427188873291,
    2.4315285682678223,
    2.522693157196045,
    2.6404876708984375,
    2.8040313720703125
  ],
  "val_acc": [
    0.0,
    0.0,
    0.0,
    0.0,
    0.0
  ]
}