{
  "test_loss": 4.892639636993408,
  "test_accuracy": 0.03448275849223137,
  "test_accuracy_percent": 3.448275849223137
}